{"py/object": "rasa_core.featurizers.MaxHistoryTrackerFeaturizer", "max_history": 5, "remove_duplicates": true, "state_featurizer": {"py/object": "rasa_core.featurizers.BinarySingleStateFeaturizer", "input_state_map": {"intent_agent.acquaintance": 0, "intent_agent.age": 1, "intent_agent.annoying": 2, "intent_agent.answer_my_question": 3, "intent_agent.bad": 4, "intent_agent.be_clever": 5, "intent_agent.beautiful": 6, "intent_agent.birth_date": 7, "intent_agent.boring": 8, "intent_agent.boss": 9, "intent_agent.busy": 10, "intent_agent.can_you_help": 11, "intent_agent.chatbot": 12, "intent_agent.clever": 13, "intent_agent.crazy": 14, "intent_agent.fired": 15, "intent_agent.funny": 16, "intent_agent.good": 17, "intent_agent.happy": 18, "intent_agent.hobby": 19, "intent_agent.hungry": 20, "intent_agent.marry_user": 21, "intent_agent.my_friend": 22, "intent_agent.occupation": 23, "intent_agent.origin": 24, "intent_agent.ready": 25, "intent_agent.real": 26, "intent_agent.residence": 27, "intent_agent.right": 28, "intent_agent.sure": 29, "intent_agent.talk_to_me": 30, "intent_agent.there": 31, "intent_appraisal.bad": 32, "intent_appraisal.good": 33, "intent_appraisal.no_problem": 34, "intent_appraisal.thank_you": 35, "intent_appraisal.welcome": 36, "intent_appraisal.well_done": 37, "intent_confirmation.cancel": 38, "intent_confirmation.no": 39, "intent_confirmation.yes": 40, "intent_dialog.hold_on": 41, "intent_dialog.hug": 42, "intent_dialog.i_do_not_care": 43, "intent_dialog.sorry": 44, "intent_dialog.what_do_you_mean": 45, "intent_dialog.wrong": 46, "intent_emotions.ha_ha": 47, "intent_emotions.wow": 48, "intent_greetings.bye": 49, "intent_greetings.goodevening": 50, "intent_greetings.goodmorning": 51, "intent_greetings.goodnight": 52, "intent_greetings.hello": 53, "intent_greetings.how_are_you": 54, "intent_greetings.nice_to_meet_you": 55, "intent_greetings.nice_to_see_you": 56, "intent_greetings.nice_to_talk_to_you": 57, "intent_greetings.whatsup": 58, "intent_user.angry": 59, "intent_user.back": 60, "intent_user.bored": 61, "intent_user.busy": 62, "intent_user.can_not_sleep": 63, "intent_user.does_not_want_to_talk": 64, "intent_user.excited": 65, "intent_user.going_to_bed": 66, "intent_user.good": 67, "intent_user.happy": 68, "intent_user.has_birthday": 69, "intent_user.here": 70, "intent_user.joking": 71, "intent_user.likes_agent": 72, "intent_user.lonely": 73, "intent_user.looks_like": 74, "intent_user.loves_agent": 75, "intent_user.misses_agent": 76, "intent_user.needs_advice": 77, "intent_user.sad": 78, "intent_user.sleepy": 79, "intent_user.testing_agent": 80, "intent_user.tired": 81, "intent_user.waits": 82, "intent_user.wants_to_see_agent_again": 83, "intent_user.wants_to_talk": 84, "intent_user.will_be_back": 85, "prev_action_back": 93, "prev_action_deactivate_form": 89, "prev_action_default_ask_affirmation": 91, "prev_action_default_ask_rephrase": 92, "prev_action_default_fallback": 88, "prev_action_listen": 86, "prev_action_restart": 87, "prev_action_revert_fallback_events": 90, "prev_utter_agent.acquaintance": 94, "prev_utter_agent.age": 95, "prev_utter_agent.annoying": 96, "prev_utter_agent.answer_my_question": 97, "prev_utter_agent.bad": 98, "prev_utter_agent.be_clever": 99, "prev_utter_agent.beautiful": 100, "prev_utter_agent.birth_date": 101, "prev_utter_agent.boring": 102, "prev_utter_agent.boss": 103, "prev_utter_agent.busy": 104, "prev_utter_agent.can_you_help": 105, "prev_utter_agent.chatbot": 106, "prev_utter_agent.clever": 107, "prev_utter_agent.crazy": 108, "prev_utter_agent.fired": 109, "prev_utter_agent.funny": 110, "prev_utter_agent.good": 111, "prev_utter_agent.happy": 112, "prev_utter_agent.hobby": 113, "prev_utter_agent.hungry": 114, "prev_utter_agent.marry_user": 115, "prev_utter_agent.my_friend": 116, "prev_utter_agent.occupation": 117, "prev_utter_agent.origin": 118, "prev_utter_agent.ready": 119, "prev_utter_agent.real": 120, "prev_utter_agent.residence": 121, "prev_utter_agent.right": 122, "prev_utter_agent.sure": 123, "prev_utter_agent.talk_to_me": 124, "prev_utter_agent.there": 125, "prev_utter_appraisal.bad": 126, "prev_utter_appraisal.good": 127, "prev_utter_appraisal.no_problem": 128, "prev_utter_appraisal.thank_you": 129, "prev_utter_appraisal.welcome": 130, "prev_utter_appraisal.well_done": 131, "prev_utter_confirmation.cancel": 178, "prev_utter_confirmation.no": 179, "prev_utter_confirmation.yes": 177, "prev_utter_dialog.hold_on": 132, "prev_utter_dialog.hug": 133, "prev_utter_dialog.i_do_not_care": 134, "prev_utter_dialog.sorry": 135, "prev_utter_dialog.what_do_you_mean": 136, "prev_utter_dialog.wrong": 137, "prev_utter_emotions.ha_ha": 138, "prev_utter_emotions.wow": 139, "prev_utter_greetings.bye": 140, "prev_utter_greetings.goodevening": 141, "prev_utter_greetings.goodmorning": 142, "prev_utter_greetings.goodnight": 143, "prev_utter_greetings.hello": 144, "prev_utter_greetings.how_are_you": 145, "prev_utter_greetings.nice_to_meet_you": 146, "prev_utter_greetings.nice_to_see_you": 147, "prev_utter_greetings.nice_to_talk_to_you": 148, "prev_utter_greetings.whatsup": 149, "prev_utter_user.angry": 150, "prev_utter_user.back": 151, "prev_utter_user.bored": 152, "prev_utter_user.busy": 153, "prev_utter_user.can_not_sleep": 154, "prev_utter_user.does_not_want_to_talk": 155, "prev_utter_user.excited": 156, "prev_utter_user.going_to_bed": 157, "prev_utter_user.good": 158, "prev_utter_user.happy": 159, "prev_utter_user.has_birthday": 160, "prev_utter_user.here": 161, "prev_utter_user.joking": 162, "prev_utter_user.likes_agent": 163, "prev_utter_user.lonely": 164, "prev_utter_user.looks_like": 165, "prev_utter_user.loves_agent": 166, "prev_utter_user.misses_agent": 167, "prev_utter_user.needs_advice": 168, "prev_utter_user.sad": 169, "prev_utter_user.sleepy": 170, "prev_utter_user.testing_agent": 171, "prev_utter_user.tired": 172, "prev_utter_user.waits": 173, "prev_utter_user.wants_to_see_agent_again": 174, "prev_utter_user.wants_to_talk": 175, "prev_utter_user.will_be_back": 176}, "num_features": 180, "slot_feature_len": 0, "user_feature_len": 86}, "use_intent_probabilities": false}